Miejscowosc|Miesiac|Dzien|Wschod|Zachod
GLIWICE|01|01|07:46|15:53
GLIWICE|01|02|07:46|15:54
GLIWICE|01|03|07:46|15:55
GLIWICE|01|04|07:45|15:57
GLIWICE|01|05|07:45|15:58
GLIWICE|01|06|07:44|15:59
GLIWICE|01|07|07:44|16:01
GLIWICE|01|08|07:43|16:02
GLIWICE|01|09|07:43|16:04
GLIWICE|01|10|07:42|16:05
GLIWICE|01|11|07:41|16:07
GLIWICE|01|12|07:40|16:08
GLIWICE|01|13|07:39|16:10
GLIWICE|01|14|07:39|16:11
GLIWICE|01|15|07:38|16:13
GLIWICE|01|16|07:37|16:14
GLIWICE|01|17|07:36|16:16
GLIWICE|01|18|07:35|16:18
GLIWICE|01|19|07:34|16:19
GLIWICE|01|20|07:32|16:21
GLIWICE|01|21|07:31|16:23
GLIWICE|01|22|07:30|16:25
GLIWICE|01|23|07:29|16:26
GLIWICE|01|24|07:28|16:28
GLIWICE|01|25|07:26|16:30
GLIWICE|01|26|07:25|16:32
GLIWICE|01|27|07:24|16:33
GLIWICE|01|28|07:22|16:35
GLIWICE|01|29|07:21|16:37
GLIWICE|01|30|07:19|16:38
GLIWICE|01|31|07:18|16:40
GLIWICE|02|01|07:16|16:42
GLIWICE|02|02|07:15|16:44
GLIWICE|02|03|07:13|16:45
GLIWICE|02|04|07:12|16:47
GLIWICE|02|05|07:10|16:49
GLIWICE|02|06|07:08|16:51
GLIWICE|02|07|07:07|16:52
GLIWICE|02|08|07:05|16:54
GLIWICE|02|09|07:03|16:56
GLIWICE|02|10|07:01|16:58
GLIWICE|02|11|07:00|17:00
GLIWICE|02|12|06:58|17:01
GLIWICE|02|13|06:56|17:03
GLIWICE|02|14|06:54|17:05
GLIWICE|02|15|06:52|17:07
GLIWICE|02|16|06:50|17:08
GLIWICE|02|17|06:48|17:10
GLIWICE|02|18|06:46|17:12
GLIWICE|02|19|06:44|17:14
GLIWICE|02|20|06:42|17:15
GLIWICE|02|21|06:40|17:17
GLIWICE|02|22|06:38|17:19
GLIWICE|02|23|06:36|17:21
GLIWICE|02|24|06:34|17:22
GLIWICE|02|25|06:32|17:24
GLIWICE|02|26|06:30|17:26
GLIWICE|02|27|06:28|17:28
GLIWICE|02|28|06:26|17:29
GLIWICE|03|01|06:24|17:31
GLIWICE|03|02|06:22|17:33
GLIWICE|03|03|06:20|17:34
GLIWICE|03|04|06:18|17:36
GLIWICE|03|05|06:16|17:38
GLIWICE|03|06|06:14|17:39
GLIWICE|03|07|06:12|17:41
GLIWICE|03|08|06:09|17:43
GLIWICE|03|09|06:07|17:44
GLIWICE|03|10|06:05|17:46
GLIWICE|03|11|06:03|17:48
GLIWICE|03|12|06:01|17:49
GLIWICE|03|13|05:59|17:51
GLIWICE|03|14|05:57|17:53
GLIWICE|03|15|05:55|17:54
GLIWICE|03|16|05:52|17:56
GLIWICE|03|17|05:50|17:58
GLIWICE|03|18|05:48|17:59
GLIWICE|03|19|05:46|18:01
GLIWICE|03|20|05:44|18:03
GLIWICE|03|21|05:41|18:04
GLIWICE|03|22|05:39|18:06
GLIWICE|03|23|05:37|18:07
GLIWICE|03|24|05:35|18:09
GLIWICE|03|25|05:33|18:11
GLIWICE|03|26|05:30|18:12
GLIWICE|03|27|05:28|18:14
GLIWICE|03|28|05:26|18:15
GLIWICE|03|29|05:24|18:17
GLIWICE|03|30|06:21|19:19
GLIWICE|03|31|06:19|19:20
GLIWICE|04|01|06:17|19:22
GLIWICE|04|02|06:15|19:23
GLIWICE|04|03|06:13|19:25
GLIWICE|04|04|06:11|19:26
GLIWICE|04|05|06:09|19:28
GLIWICE|04|06|06:06|19:29
GLIWICE|04|07|06:04|19:31
GLIWICE|04|08|06:02|19:32
GLIWICE|04|09|06:00|19:34
GLIWICE|04|10|05:58|19:35
GLIWICE|04|11|05:56|19:37
GLIWICE|04|12|05:54|19:38
GLIWICE|04|13|05:52|19:40
GLIWICE|04|14|05:50|19:41
GLIWICE|04|15|05:48|19:43
GLIWICE|04|16|05:46|19:44
GLIWICE|04|17|05:44|19:46
GLIWICE|04|18|05:42|19:47
GLIWICE|04|19|05:40|19:49
GLIWICE|04|20|05:38|19:50
GLIWICE|04|21|05:36|19:52
GLIWICE|04|22|05:34|19:53
GLIWICE|04|23|05:32|19:55
GLIWICE|04|24|05:30|19:56
GLIWICE|04|25|05:28|19:58
GLIWICE|04|26|05:26|19:59
GLIWICE|04|27|05:25|20:01
GLIWICE|04|28|05:23|20:02
GLIWICE|04|29|05:21|20:04
GLIWICE|04|30|05:19|20:05
GLIWICE|05|01|05:18|20:07
GLIWICE|05|02|05:16|20:08
GLIWICE|05|03|05:14|20:10
GLIWICE|05|04|05:13|20:11
GLIWICE|05|05|05:11|20:13
GLIWICE|05|06|05:09|20:14
GLIWICE|05|07|05:08|20:16
GLIWICE|05|08|05:06|20:17
GLIWICE|05|09|05:05|20:18
GLIWICE|05|10|05:03|20:20
GLIWICE|05|11|05:02|20:21
GLIWICE|05|12|05:00|20:23
GLIWICE|05|13|04:59|20:24
GLIWICE|05|14|04:57|20:26
GLIWICE|05|15|04:56|20:27
GLIWICE|05|16|04:55|20:28
GLIWICE|05|17|04:53|20:30
GLIWICE|05|18|04:52|20:31
GLIWICE|05|19|04:51|20:32
GLIWICE|05|20|04:50|20:34
GLIWICE|05|21|04:48|20:35
GLIWICE|05|22|04:47|20:36
GLIWICE|05|23|04:46|20:37
GLIWICE|05|24|04:45|20:39
GLIWICE|05|25|04:44|20:40
GLIWICE|05|26|04:43|20:41
GLIWICE|05|27|04:42|20:42
GLIWICE|05|28|04:41|20:43
GLIWICE|05|29|04:40|20:44
GLIWICE|05|30|04:39|20:45
GLIWICE|05|31|04:38|20:46
GLIWICE|06|01|04:38|20:47
GLIWICE|06|02|04:37|20:48
GLIWICE|06|03|04:36|20:49
GLIWICE|06|04|04:36|20:50
GLIWICE|06|05|04:35|20:51
GLIWICE|06|06|04:35|20:52
GLIWICE|06|07|04:34|20:52
GLIWICE|06|08|04:34|20:53
GLIWICE|06|09|04:33|20:54
GLIWICE|06|10|04:33|20:55
GLIWICE|06|11|04:33|20:55
GLIWICE|06|12|04:32|20:56
GLIWICE|06|13|04:32|20:56
GLIWICE|06|14|04:32|20:57
GLIWICE|06|15|04:32|20:57
GLIWICE|06|16|04:32|20:58
GLIWICE|06|17|04:32|20:58
GLIWICE|06|18|04:33|20:58
GLIWICE|06|19|04:33|20:59
GLIWICE|06|20|04:33|20:59
GLIWICE|06|21|04:34|20:59
GLIWICE|06|22|04:34|20:59
GLIWICE|06|23|04:34|20:59
GLIWICE|06|24|04:35|20:59
GLIWICE|06|25|04:35|20:59
GLIWICE|06|26|04:36|20:59
GLIWICE|06|27|04:37|20:59
GLIWICE|06|28|04:37|20:58
GLIWICE|06|29|04:38|20:58
GLIWICE|06|30|04:39|20:58
GLIWICE|07|01|04:39|20:57
GLIWICE|07|02|04:40|20:57
GLIWICE|07|03|04:41|20:57
GLIWICE|07|04|04:42|20:56
GLIWICE|07|05|04:43|20:56
GLIWICE|07|06|04:44|20:55
GLIWICE|07|07|04:45|20:54
GLIWICE|07|08|04:46|20:54
GLIWICE|07|09|04:47|20:53
GLIWICE|07|10|04:48|20:52
GLIWICE|07|11|04:49|20:51
GLIWICE|07|12|04:50|20:50
GLIWICE|07|13|04:52|20:49
GLIWICE|07|14|04:53|20:48
GLIWICE|07|15|04:54|20:47
GLIWICE|07|16|04:55|20:46
GLIWICE|07|17|04:57|20:45
GLIWICE|07|18|04:58|20:44
GLIWICE|07|19|04:59|20:42
GLIWICE|07|20|05:01|20:41
GLIWICE|07|21|05:02|20:40
GLIWICE|07|22|05:03|20:38
GLIWICE|07|23|05:05|20:37
GLIWICE|07|24|05:06|20:35
GLIWICE|07|25|05:08|20:34
GLIWICE|07|26|05:09|20:32
GLIWICE|07|27|05:11|20:31
GLIWICE|07|28|05:12|20:29
GLIWICE|07|29|05:14|20:27
GLIWICE|07|30|05:15|20:26
GLIWICE|07|31|05:17|20:24
GLIWICE|08|01|05:18|20:22
GLIWICE|08|02|05:20|20:21
GLIWICE|08|03|05:21|20:19
GLIWICE|08|04|05:23|20:17
GLIWICE|08|05|05:24|20:15
GLIWICE|08|06|05:26|20:13
GLIWICE|08|07|05:27|20:11
GLIWICE|08|08|05:29|20:09
GLIWICE|08|09|05:30|20:07
GLIWICE|08|10|05:32|20:05
GLIWICE|08|11|05:33|20:03
GLIWICE|08|12|05:35|20:01
GLIWICE|08|13|05:37|19:59
GLIWICE|08|14|05:38|19:57
GLIWICE|08|15|05:40|19:55
GLIWICE|08|16|05:41|19:53
GLIWICE|08|17|05:43|19:51
GLIWICE|08|18|05:44|19:49
GLIWICE|08|19|05:46|19:47
GLIWICE|08|20|05:47|19:45
GLIWICE|08|21|05:49|19:43
GLIWICE|08|22|05:50|19:41
GLIWICE|08|23|05:52|19:38
GLIWICE|08|24|05:54|19:36
GLIWICE|08|25|05:55|19:34
GLIWICE|08|26|05:57|19:32
GLIWICE|08|27|05:58|19:30
GLIWICE|08|28|06:00|19:28
GLIWICE|08|29|06:01|19:25
GLIWICE|08|30|06:03|19:23
GLIWICE|08|31|06:04|19:21
GLIWICE|09|01|06:06|19:19
GLIWICE|09|02|06:07|19:17
GLIWICE|09|03|06:09|19:15
GLIWICE|09|04|06:10|19:12
GLIWICE|09|05|06:12|19:10
GLIWICE|09|06|06:13|19:08
GLIWICE|09|07|06:15|19:06
GLIWICE|09|08|06:16|19:04
GLIWICE|09|09|06:18|19:01
GLIWICE|09|10|06:19|18:59
GLIWICE|09|11|06:21|18:57
GLIWICE|09|12|06:22|18:55
GLIWICE|09|13|06:24|18:53
GLIWICE|09|14|06:25|18:50
GLIWICE|09|15|06:27|18:48
GLIWICE|09|16|06:28|18:46
GLIWICE|09|17|06:30|18:44
GLIWICE|09|18|06:31|18:42
GLIWICE|09|19|06:33|18:39
GLIWICE|09|20|06:34|18:37
GLIWICE|09|21|06:36|18:35
GLIWICE|09|22|06:37|18:33
GLIWICE|09|23|06:39|18:31
GLIWICE|09|24|06:40|18:28
GLIWICE|09|25|06:42|18:26
GLIWICE|09|26|06:43|18:24
GLIWICE|09|27|06:45|18:22
GLIWICE|09|28|06:46|18:20
GLIWICE|09|29|06:48|18:17
GLIWICE|09|30|06:49|18:15
GLIWICE|10|01|06:51|18:13
GLIWICE|10|02|06:52|18:11
GLIWICE|10|03|06:54|18:09
GLIWICE|10|04|06:55|18:07
GLIWICE|10|05|06:57|18:05
GLIWICE|10|06|06:58|18:02
GLIWICE|10|07|07:00|18:00
GLIWICE|10|08|07:01|17:58
GLIWICE|10|09|07:03|17:56
GLIWICE|10|10|07:04|17:54
GLIWICE|10|11|07:06|17:52
GLIWICE|10|12|07:07|17:50
GLIWICE|10|13|07:09|17:48
GLIWICE|10|14|07:11|17:46
GLIWICE|10|15|07:12|17:44
GLIWICE|10|16|07:14|17:42
GLIWICE|10|17|07:15|17:40
GLIWICE|10|18|07:17|17:38
GLIWICE|10|19|07:18|17:36
GLIWICE|10|20|07:20|17:34
GLIWICE|10|21|07:22|17:33
GLIWICE|10|22|07:23|17:31
GLIWICE|10|23|07:25|17:29
GLIWICE|10|24|07:26|17:27
GLIWICE|10|25|07:28|17:25
GLIWICE|10|26|06:30|16:24
GLIWICE|10|27|06:31|16:22
GLIWICE|10|28|06:33|16:20
GLIWICE|10|29|06:35|16:18
GLIWICE|10|30|06:36|16:17
GLIWICE|10|31|06:38|16:15
GLIWICE|11|01|06:40|16:13
GLIWICE|11|02|06:41|16:12
GLIWICE|11|03|06:43|16:10
GLIWICE|11|04|06:45|16:08
GLIWICE|11|05|06:46|16:07
GLIWICE|11|06|06:48|16:05
GLIWICE|11|07|06:50|16:04
GLIWICE|11|08|06:51|16:02
GLIWICE|11|09|06:53|16:01
GLIWICE|11|10|06:55|15:59
GLIWICE|11|11|06:56|15:58
GLIWICE|11|12|06:58|15:56
GLIWICE|11|13|07:00|15:55
GLIWICE|11|14|07:01|15:54
GLIWICE|11|15|07:03|15:52
GLIWICE|11|16|07:05|15:51
GLIWICE|11|17|07:06|15:50
GLIWICE|11|18|07:08|15:49
GLIWICE|11|19|07:09|15:48
GLIWICE|11|20|07:11|15:47
GLIWICE|11|21|07:12|15:46
GLIWICE|11|22|07:14|15:45
GLIWICE|11|23|07:15|15:44
GLIWICE|11|24|07:17|15:43
GLIWICE|11|25|07:18|15:42
GLIWICE|11|26|07:20|15:41
GLIWICE|11|27|07:21|15:41
GLIWICE|11|28|07:23|15:40
GLIWICE|11|29|07:24|15:39
GLIWICE|11|30|07:25|15:39
GLIWICE|12|01|07:27|15:38
GLIWICE|12|02|07:28|15:38
GLIWICE|12|03|07:29|15:37
GLIWICE|12|04|07:30|15:37
GLIWICE|12|05|07:31|15:37
GLIWICE|12|06|07:33|15:36
GLIWICE|12|07|07:34|15:36
GLIWICE|12|08|07:35|15:36
GLIWICE|12|09|07:36|15:36
GLIWICE|12|10|07:37|15:36
GLIWICE|12|11|07:38|15:36
GLIWICE|12|12|07:38|15:36
GLIWICE|12|13|07:39|15:36
GLIWICE|12|14|07:40|15:36
GLIWICE|12|15|07:41|15:37
GLIWICE|12|16|07:41|15:37
GLIWICE|12|17|07:42|15:38
GLIWICE|12|18|07:43|15:38
GLIWICE|12|19|07:43|15:39
GLIWICE|12|20|07:44|15:39
GLIWICE|12|21|07:44|15:40
GLIWICE|12|22|07:44|15:41
GLIWICE|12|23|07:45|15:41
GLIWICE|12|24|07:45|15:42
GLIWICE|12|25|07:45|15:43
GLIWICE|12|26|07:46|15:44
GLIWICE|12|27|07:46|15:45
GLIWICE|12|28|07:46|15:46
GLIWICE|12|29|07:46|15:47
GLIWICE|12|30|07:46|15:48
GLIWICE|12|31|07:46|15:49
PTUSZA|01|01|07:51|15:52
PTUSZA|01|02|07:51|15:53
PTUSZA|01|03|07:51|15:54
PTUSZA|01|04|07:50|15:56
PTUSZA|01|05|07:50|15:57
PTUSZA|01|06|07:49|15:58
PTUSZA|01|07|07:49|16:00
PTUSZA|01|08|07:48|16:01
PTUSZA|01|09|07:47|16:03
PTUSZA|01|10|07:47|16:04
PTUSZA|01|11|07:46|16:06
PTUSZA|01|12|07:45|16:07
PTUSZA|01|13|07:44|16:09
PTUSZA|01|14|07:43|16:10
PTUSZA|01|15|07:42|16:12
PTUSZA|01|16|07:41|16:14
PTUSZA|01|17|07:40|16:15
PTUSZA|01|18|07:39|16:17
PTUSZA|01|19|07:38|16:19
PTUSZA|01|20|07:37|16:20
PTUSZA|01|21|07:35|16:22
PTUSZA|01|22|07:34|16:24
PTUSZA|01|23|07:33|16:25
PTUSZA|01|24|07:32|16:27
PTUSZA|01|25|07:30|16:29
PTUSZA|01|26|07:29|16:31
PTUSZA|01|27|07:28|16:32
PTUSZA|01|28|07:26|16:34
PTUSZA|01|29|07:25|16:36
PTUSZA|01|30|07:23|16:38
PTUSZA|01|31|07:22|16:39
PTUSZA|02|01|07:20|16:41
PTUSZA|02|02|07:19|16:43
PTUSZA|02|03|07:17|16:45
PTUSZA|02|04|07:16|16:46
PTUSZA|02|05|07:14|16:48
PTUSZA|02|06|07:12|16:50
PTUSZA|02|07|07:11|16:52
PTUSZA|02|08|07:09|16:53
PTUSZA|02|09|07:07|16:55
PTUSZA|02|10|07:05|16:57
PTUSZA|02|11|07:04|16:59
PTUSZA|02|12|07:02|17:01
PTUSZA|02|13|07:00|17:02
PTUSZA|02|14|06:58|17:04
PTUSZA|02|15|06:56|17:06
PTUSZA|02|16|06:54|17:08
PTUSZA|02|17|06:52|17:10
PTUSZA|02|18|06:50|17:11
PTUSZA|02|19|06:48|17:13
PTUSZA|02|20|06:46|17:15
PTUSZA|02|21|06:44|17:17
PTUSZA|02|22|06:42|17:18
PTUSZA|02|23|06:40|17:20
PTUSZA|02|24|06:38|17:22
PTUSZA|02|25|06:36|17:24
PTUSZA|02|26|06:34|17:25
PTUSZA|02|27|06:32|17:27
PTUSZA|02|28|06:30|17:29
PTUSZA|03|01|06:28|17:31
PTUSZA|03|02|06:26|17:32
PTUSZA|03|03|06:24|17:34
PTUSZA|03|04|06:22|17:36
PTUSZA|03|05|06:20|17:38
PTUSZA|03|06|06:18|17:39
PTUSZA|03|07|06:16|17:41
PTUSZA|03|08|06:13|17:43
PTUSZA|03|09|06:11|17:45
PTUSZA|03|10|06:09|17:46
PTUSZA|03|11|06:07|17:48
PTUSZA|03|12|06:05|17:50
PTUSZA|03|13|06:03|17:52
PTUSZA|03|14|06:00|17:53
PTUSZA|03|15|05:58|17:55
PTUSZA|03|16|05:56|17:57
PTUSZA|03|17|05:54|17:59
PTUSZA|03|18|05:51|18:00
PTUSZA|03|19|05:49|18:02
PTUSZA|03|20|05:47|18:04
PTUSZA|03|21|05:45|18:06
PTUSZA|03|22|05:42|18:07
PTUSZA|03|23|05:40|18:09
PTUSZA|03|24|05:38|18:11
PTUSZA|03|25|05:36|18:12
PTUSZA|03|26|05:33|18:14
PTUSZA|03|27|05:31|18:16
PTUSZA|03|28|05:29|18:18
PTUSZA|03|29|05:27|18:19
PTUSZA|03|30|06:24|19:21
PTUSZA|03|31|06:22|19:23
PTUSZA|04|01|06:20|19:24
PTUSZA|04|02|06:17|19:26
PTUSZA|04|03|06:15|19:28
PTUSZA|04|04|06:13|19:29
PTUSZA|04|05|06:11|19:31
PTUSZA|04|06|06:08|19:33
PTUSZA|04|07|06:06|19:34
PTUSZA|04|08|06:04|19:36
PTUSZA|04|09|06:02|19:38
PTUSZA|04|10|05:59|19:39
PTUSZA|04|11|05:57|19:41
PTUSZA|04|12|05:55|19:43
PTUSZA|04|13|05:53|19:44
PTUSZA|04|14|05:51|19:46
PTUSZA|04|15|05:48|19:48
PTUSZA|04|16|05:46|19:49
PTUSZA|04|17|05:44|19:51
PTUSZA|04|18|05:42|19:53
PTUSZA|04|19|05:40|19:54
PTUSZA|04|20|05:38|19:56
PTUSZA|04|21|05:36|19:58
PTUSZA|04|22|05:33|19:59
PTUSZA|04|23|05:31|20:01
PTUSZA|04|24|05:29|20:03
PTUSZA|04|25|05:27|20:04
PTUSZA|04|26|05:25|20:06
PTUSZA|04|27|05:23|20:08
PTUSZA|04|28|05:21|20:09
PTUSZA|04|29|05:19|20:11
PTUSZA|04|30|05:17|20:13
PTUSZA|05|01|05:15|20:14
PTUSZA|05|02|05:13|20:16
PTUSZA|05|03|05:11|20:18
PTUSZA|05|04|05:09|20:19
PTUSZA|05|05|05:07|20:21
PTUSZA|05|06|05:05|20:23
PTUSZA|05|07|05:04|20:24
PTUSZA|05|08|05:02|20:26
PTUSZA|05|09|05:00|20:27
PTUSZA|05|10|04:58|20:29
PTUSZA|05|11|04:57|20:31
PTUSZA|05|12|04:55|20:32
PTUSZA|05|13|04:53|20:34
PTUSZA|05|14|04:52|20:35
PTUSZA|05|15|04:50|20:37
PTUSZA|05|16|04:49|20:38
PTUSZA|05|17|04:47|20:40
PTUSZA|05|18|04:46|20:41
PTUSZA|05|19|04:44|20:43
PTUSZA|05|20|04:43|20:44
PTUSZA|05|21|04:42|20:46
PTUSZA|05|22|04:40|20:47
PTUSZA|05|23|04:39|20:48
PTUSZA|05|24|04:38|20:50
PTUSZA|05|25|04:37|20:51
PTUSZA|05|26|04:36|20:52
PTUSZA|05|27|04:35|20:54
PTUSZA|05|28|04:34|20:55
PTUSZA|05|29|04:33|20:56
PTUSZA|05|30|04:32|20:57
PTUSZA|05|31|04:31|20:58
PTUSZA|06|01|04:30|20:59
PTUSZA|06|02|04:29|21:00
PTUSZA|06|03|04:29|21:01
PTUSZA|06|04|04:28|21:02
PTUSZA|06|05|04:27|21:03
PTUSZA|06|06|04:27|21:04
PTUSZA|06|07|04:26|21:05
PTUSZA|06|08|04:26|21:06
PTUSZA|06|09|04:25|21:07
PTUSZA|06|10|04:25|21:07
PTUSZA|06|11|04:24|21:08
PTUSZA|06|12|04:24|21:09
PTUSZA|06|13|04:24|21:09
PTUSZA|06|14|04:24|21:10
PTUSZA|06|15|04:24|21:10
PTUSZA|06|16|04:24|21:11
PTUSZA|06|17|04:24|21:11
PTUSZA|06|18|04:24|21:11
PTUSZA|06|19|04:24|21:12
PTUSZA|06|20|04:25|21:12
PTUSZA|06|21|04:25|21:12
PTUSZA|06|22|04:25|21:12
PTUSZA|06|23|04:26|21:12
PTUSZA|06|24|04:26|21:12
PTUSZA|06|25|04:27|21:12
PTUSZA|06|26|04:27|21:12
PTUSZA|06|27|04:28|21:12
PTUSZA|06|28|04:29|21:11
PTUSZA|06|29|04:29|21:11
PTUSZA|06|30|04:30|21:11
PTUSZA|07|01|04:31|21:10
PTUSZA|07|02|04:32|21:10
PTUSZA|07|03|04:33|21:09
PTUSZA|07|04|04:34|21:09
PTUSZA|07|05|04:35|21:08
PTUSZA|07|06|04:36|21:07
PTUSZA|07|07|04:37|21:07
PTUSZA|07|08|04:38|21:06
PTUSZA|07|09|04:39|21:05
PTUSZA|07|10|04:41|21:04
PTUSZA|07|11|04:42|21:03
PTUSZA|07|12|04:43|21:02
PTUSZA|07|13|04:44|21:01
PTUSZA|07|14|04:46|21:00
PTUSZA|07|15|04:47|20:59
PTUSZA|07|16|04:48|20:58
PTUSZA|07|17|04:50|20:57
PTUSZA|07|18|04:51|20:55
PTUSZA|07|19|04:53|20:54
PTUSZA|07|20|04:54|20:53
PTUSZA|07|21|04:55|20:51
PTUSZA|07|22|04:57|20:50
PTUSZA|07|23|04:58|20:48
PTUSZA|07|24|05:00|20:47
PTUSZA|07|25|05:01|20:45
PTUSZA|07|26|05:03|20:44
PTUSZA|07|27|05:04|20:42
PTUSZA|07|28|05:06|20:40
PTUSZA|07|29|05:08|20:39
PTUSZA|07|30|05:09|20:37
PTUSZA|07|31|05:11|20:35
PTUSZA|08|01|05:12|20:34
PTUSZA|08|02|05:14|20:32
PTUSZA|08|03|05:16|20:30
PTUSZA|08|04|05:17|20:28
PTUSZA|08|05|05:19|20:26
PTUSZA|08|06|05:21|20:24
PTUSZA|08|07|05:22|20:22
PTUSZA|08|08|05:24|20:20
PTUSZA|08|09|05:25|20:18
PTUSZA|08|10|05:27|20:16
PTUSZA|08|11|05:29|20:14
PTUSZA|08|12|05:30|20:12
PTUSZA|08|13|05:32|20:10
PTUSZA|08|14|05:34|20:08
PTUSZA|08|15|05:35|20:06
PTUSZA|08|16|05:37|20:04
PTUSZA|08|17|05:39|20:02
PTUSZA|08|18|05:40|20:00
PTUSZA|08|19|05:42|19:58
PTUSZA|08|20|05:43|19:55
PTUSZA|08|21|05:45|19:53
PTUSZA|08|22|05:47|19:51
PTUSZA|08|23|05:48|19:49
PTUSZA|08|24|05:50|19:47
PTUSZA|08|25|05:52|19:45
PTUSZA|08|26|05:53|19:42
PTUSZA|08|27|05:55|19:40
PTUSZA|08|28|05:57|19:38
PTUSZA|08|29|05:58|19:36
PTUSZA|08|30|06:00|19:33
PTUSZA|08|31|06:02|19:31
PTUSZA|09|01|06:03|19:29
PTUSZA|09|02|06:05|19:27
PTUSZA|09|03|06:07|19:24
PTUSZA|09|04|06:08|19:22
PTUSZA|09|05|06:10|19:20
PTUSZA|09|06|06:12|19:18
PTUSZA|09|07|06:13|19:15
PTUSZA|09|08|06:15|19:13
PTUSZA|09|09|06:17|19:11
PTUSZA|09|10|06:18|19:08
PTUSZA|09|11|06:20|19:06
PTUSZA|09|12|06:22|19:04
PTUSZA|09|13|06:23|19:02
PTUSZA|09|14|06:25|18:59
PTUSZA|09|15|06:27|18:57
PTUSZA|09|16|06:28|18:55
PTUSZA|09|17|06:30|18:52
PTUSZA|09|18|06:32|18:50
PTUSZA|09|19|06:33|18:48
PTUSZA|09|20|06:35|18:46
PTUSZA|09|21|06:37|18:43
PTUSZA|09|22|06:38|18:41
PTUSZA|09|23|06:40|18:39
PTUSZA|09|24|06:42|18:36
PTUSZA|09|25|06:43|18:34
PTUSZA|09|26|06:45|18:32
PTUSZA|09|27|06:47|18:30
PTUSZA|09|28|06:48|18:27
PTUSZA|09|29|06:50|18:25
PTUSZA|09|30|06:52|18:23
PTUSZA|10|01|06:53|18:21
PTUSZA|10|02|06:55|18:18
PTUSZA|10|03|06:57|18:16
PTUSZA|10|04|06:58|18:14
PTUSZA|10|05|07:00|18:12
PTUSZA|10|06|07:02|18:10
PTUSZA|10|07|07:03|18:07
PTUSZA|10|08|07:05|18:05
PTUSZA|10|09|07:07|18:03
PTUSZA|10|10|07:08|18:01
PTUSZA|10|11|07:10|17:59
PTUSZA|10|12|07:12|17:57
PTUSZA|10|13|07:13|17:55
PTUSZA|10|14|07:15|17:52
PTUSZA|10|15|07:17|17:50
PTUSZA|10|16|07:18|17:48
PTUSZA|10|17|07:20|17:46
PTUSZA|10|18|07:22|17:44
PTUSZA|10|19|07:23|17:42
PTUSZA|10|20|07:25|17:40
PTUSZA|10|21|07:27|17:38
PTUSZA|10|22|07:28|17:36
PTUSZA|10|23|07:30|17:34
PTUSZA|10|24|07:32|17:32
PTUSZA|10|25|07:33|17:30
PTUSZA|10|26|06:35|16:28
PTUSZA|10|27|06:37|16:26
PTUSZA|10|28|06:39|16:24
PTUSZA|10|29|06:40|16:23
PTUSZA|10|30|06:42|16:21
PTUSZA|10|31|06:44|16:19
PTUSZA|11|01|06:46|16:17
PTUSZA|11|02|06:47|16:15
PTUSZA|11|03|06:49|16:14
PTUSZA|11|04|06:51|16:12
PTUSZA|11|05|06:53|16:10
PTUSZA|11|06|06:54|16:09
PTUSZA|11|07|06:56|16:07
PTUSZA|11|08|06:58|16:05
PTUSZA|11|09|07:00|16:04
PTUSZA|11|10|07:01|16:02
PTUSZA|11|11|07:03|16:01
PTUSZA|11|12|07:05|15:59
PTUSZA|11|13|07:07|15:58
PTUSZA|11|14|07:08|15:56
PTUSZA|11|15|07:10|15:55
PTUSZA|11|16|07:12|15:54
PTUSZA|11|17|07:13|15:52
PTUSZA|11|18|07:15|15:51
PTUSZA|11|19|07:17|15:50
PTUSZA|11|20|07:18|15:49
PTUSZA|11|21|07:20|15:48
PTUSZA|11|22|07:21|15:47
PTUSZA|11|23|07:23|15:46
PTUSZA|11|24|07:24|15:45
PTUSZA|11|25|07:26|15:44
PTUSZA|11|26|07:27|15:43
PTUSZA|11|27|07:29|15:42
PTUSZA|11|28|07:30|15:41
PTUSZA|11|29|07:32|15:41
PTUSZA|11|30|07:33|15:40
PTUSZA|12|01|07:34|15:39
PTUSZA|12|02|07:36|15:39
PTUSZA|12|03|07:37|15:38
PTUSZA|12|04|07:38|15:38
PTUSZA|12|05|07:39|15:37
PTUSZA|12|06|07:41|15:37
PTUSZA|12|07|07:42|15:36
PTUSZA|12|08|07:43|15:36
PTUSZA|12|09|07:44|15:36
PTUSZA|12|10|07:45|15:36
PTUSZA|12|11|07:46|15:36
PTUSZA|12|12|07:47|15:36
PTUSZA|12|13|07:48|15:36
PTUSZA|12|14|07:49|15:36
PTUSZA|12|15|07:49|15:36
PTUSZA|12|16|07:50|15:37
PTUSZA|12|17|07:51|15:37
PTUSZA|12|18|07:51|15:38
PTUSZA|12|19|07:52|15:38
PTUSZA|12|20|07:52|15:39
PTUSZA|12|21|07:53|15:40
PTUSZA|12|22|07:53|15:40
PTUSZA|12|23|07:53|15:41
PTUSZA|12|24|07:54|15:42
PTUSZA|12|25|07:54|15:43
PTUSZA|12|26|07:54|15:44
PTUSZA|12|27|07:54|15:45
PTUSZA|12|28|07:54|15:46
PTUSZA|12|29|07:54|15:47
PTUSZA|12|30|07:54|15:48
PTUSZA|12|31|07:54|15:49